,seq,obs_test,pred_test
0,SLNAVHT,1.4800750993288012,2.5042412
1,SIRSVHT,-1.4666637008170718,2.0497057
2,SINSVHP,0.23139598647207754,2.4146533
3,SINSGHT,-1.6249257847338043,1.9117393
4,SINSQHT,-1.8144546651058924,1.2692361
5,SINSVCT,0.915894160744148,1.748242
6,SIISVHT,-0.5845209490889509,1.6816387
7,SINSVGD,5.5321075954497445,3.0535884
8,SINSVHS,-2.9754555839685923,2.06036
9,SINNDQQ,4.769052772414877,4.899769
10,STDYTHT,5.330931660022992,4.892654
11,SIWSVHT,-0.6115828453162481,1.1887305
12,SANSPHT,0.2075492445177096,2.0252988
13,SYNSVHT,-0.9754555839685924,1.214503
14,SWNSVHT,-0.8263430846399992,1.160943
15,SENSVHT,0.3283577163591657,1.2582989
16,SRNSPHT,0.2556435327187545,2.0507426
17,SINAVHT,0.8411618781938062,2.2529943
18,SINGVHT,-1.2719527486954267,2.0891194
19,SINSEHT,-0.34552919518366043,1.2218124
20,SINSVHY,-3.1779949496656243,2.3161633
21,SANSTGV,2.9366527209109448,3.2249584
22,SNRSTHT,3.726860336354131,3.2444148
23,SIASVRT,-0.9702378746975728,2.2194278
24,SANSRHT,0.33093166002299185,1.1941967
25,SINTVHT,-1.2192654225374877,1.8874775
26,SGNSPHT,1.909467891584715,1.8810056
27,SINSVFT,1.577571627606117,1.5594361
28,SRNGVHT,2.1840902716937207,2.3209493
29,SINSVHA,-0.13317644582377866,2.308998
30,SINRVHS,0.7574647981396652,1.983914
31,SANYTGD,5.9158941607441475,4.614427
32,SINSVYT,-1.5793898409858005,1.253434
33,SINSLHT,1.1035685220711828,1.6824732
34,SRNYTGD,7.138286582080597,4.5389924
35,SINSVLT,-0.8871606238798306,1.8338741
36,STDSVHT,4.344737459548022,3.3249893
37,SVNSVKT,-1.2837781840922164,1.887106
38,SIRSTGV,3.8428306985544247,4.0731764
39,SRNSVHS,-1.206009325835221,2.2389054
40,SINSVKT,-2.8799135967326297,1.3155521
41,SINSDHT,-2.444796185422337,1.5967667
42,SRNSVGT,-0.5759589355855267,1.722695
43,SINSVLF,6.435967130721282,3.6913726
44,SINSVHV,-0.9400548692011952,1.6151848
45,SINDVHT,-1.1238082632895834,1.3574187
46,SIPSVHT,-1.807157254297316,1.8950558
